image_0	1
image_1	2
image_2	3
image_3	4
image_4	5
image_5	6
image_6	7
image_7	8
image_8	9
image_9	10
image_10	11
image_11	12
image_12	13
image_13	14
image_14	15
image_15	16
image_16	17
image_17	18
image_18	19
image_19	20
image_20	21
image_21	22
image_22	23
image_23	24
image_24	25
image_25	26
image_26	27
image_27	28
image_28	29
image_29	30
image_30	31
image_31	32
image_32	33
image_33	34
image_34	35
image_35	36
image_36	37
image_37	38
image_38	39
image_39	40
image_40	41
image_41	42
image_42	43
image_43	44
image_44	45
image_45	46
image_46	47
image_47	48
image_48	49
image_49	50
image_50	51
image_51	52
image_52	53
image_53	54
image_54	55
image_55	56
image_56	57
image_57	58
image_58	59
image_59	60
image_60	61
image_61	62
image_62	63
image_63	64
image_64	65
image_65	66
image_66	67
image_67	68
image_68	69
image_69	70
image_70	71
image_71	72
image_72	73
image_73	74
image_74	75
image_75	76
image_76	77
image_77	78
image_78	79
image_79	80
image_80	81
image_81	82
image_82	83
image_83	84
image_84	85
image_85	86
image_86	87
image_87	88
image_88	89
image_89	90
image_90	91
image_91	92
image_92	93
image_93	94
image_94	95
image_95	96
image_96	97
image_97	98
image_98	99
image_99	100
